Distance,PCI,DMI,IRI,Pave_Type,FUNC_CLASS
4.428,86.53,9.1,1.22,AC,FWY
4.428,84.26,8.74,1.09,AC,FWY
8.569,69.17,7.09,1.12,AC,FWY
8.569,69.86,7.11,1.05,AC,FWY
8.864,88.88,9.29,1.13,AC,FWY
8.864,87.66,9.04,1,AC,FWY
7.437,89.71,9.2,0.91,AC,FWY
7.437,91.51,9.4,0.91,AC,FWY
4.556,90.37,9.38,1.04,AC,FWY
4.556,87.25,9,0.65,AC,FWY
2.46,93.58,9.65,0.94,AC,FWY
2.46,88.81,9.32,1.18,AC,FWY
3.179,77.87,8.32,1.44,AC,FWY
3.179,77.96,8.25,1.34,AC,FWY
2.499,81.95,9.1,1.83,AC,FWY
2.499,76.5,8.53,1.87,AC,FWY
7.329,72.49,7.52,1.19,AC,FWY
7.329,74.76,7.83,1.26,AC,FWY
1.569,77.83,8.05,1.01,CO,FWY
1.569,89.52,9.26,0.88,CO,FWY
6.327,87.56,9.21,1.02,CO,FWY
6.327,88.98,9.33,0.99,CO,FWY
15.499,91.44,9.32,0.83,AC,FWY
15.499,93.88,9.6,0.84,AC,FWY
2.653,94.76,9.74,0.78,CO,FWY
2.653,93.76,9.66,0.81,CO,FWY
6.864,95.91,9.65,0.63,AC,FWY
6.864,95.02,9.63,0.72,AC,FWY
4.223,94.62,9.66,0.73,CO,FWY
4.223,92.15,9.51,0.84,CO,FWY
1.749,89.96,9.06,0.71,AC,FWY
1.749,93.58,9.64,0.93,AC,FWY
3.267,84.51,8.75,1.07,AC,FWY
3.267,81.36,8.4,1.07,AC,FWY
2.1,91.39,9.43,0.97,AC,FWY
2.1,94.53,9.63,0.79,AC,FWY
2.53,60.57,6.7,1.8,AC,FWY
2.53,76.22,8.09,1.38,AC,FWY
5.329,78.28,8.14,1.17,AC,FWY
5.329,80.91,8.43,1.16,AC,FWY
2.765,79.11,8.17,1.09,AC,FWY
2.765,80.51,8.36,1.13,AC,FWY
5.184,82.19,8.33,0.87,AC,FWY
5.184,81.65,8.34,0.96,AC,FWY
4.043,86.66,9.04,1.13,AC,FWY
4.043,84.66,8.79,1.1,AC,FWY
6.03,83.67,8.63,1.04,AC,FWY
6.03,86.74,9,1.07,AC,FWY
6.212,90.04,9.31,1,AC,FWY
6.212,85.82,8.94,1.12,AC,FWY
4.981,86.04,9,0.65,CO,FWY
4.981,86.04,9,0.65,CO,FWY
8.476,86.04,9,0.65,CO,FWY
8.476,86.04,9,0.65,CO,FWY
0.94,85.17,9.26,1.59,AC,LOC
8.972,93.36,9.69,1.02,AC,ART
4.045,94.53,9.73,0.91,AC,ART
2.524,94.1,9.71,0.94,AC,ART
5.535,93.82,9.7,0.97,AC,ART
7.087,82.45,8.5,1.04,AC,ART
15.921,93.77,9.73,1.01,AC,ART
8.57,82.47,8.59,1.15,AC,ART
18.5,75.15,7.99,1.4,AC,ART
6.534,74.88,8.02,1.48,AC,ART
6.96,87.07,9,1.03,AC,ART
14.44,82.44,8.68,1.26,AC,ART
9,91.13,9.34,0.89,AC,ART
5.5,67.56,7.59,1.93,AC,ART
14,88.28,9.09,0.97,AC,ART
10.4,64.89,7.22,1.85,AC,ART
5.3,75.91,8.11,1.45,AC,ART
4.9,78.19,8.52,1.64,AC,ART
14.4,86.53,9.09,1.21,AC,ART
7.2,80.53,8.46,1.25,AC,ART
12.2,78.93,8.49,1.5,AC,ART
1.2,74.16,8.21,1.8,AC,ART
5.9,80.94,8.79,1.59,AC,ART
3.72,80.91,8.98,1.82,AC,ART
6,66.46,7.41,1.87,AC,ART
4.9,93.59,9.49,1.23,AC,ART
5.2,88.96,9.38,1.29,AC,ART
5.4,92.33,9.43,0.84,AC,ART
3.186,86.29,9.1,1.25,AC,ART
7.34,85.27,9.82,1.73,PC,ART
7.34,86.75,9.85,1.61,PC,ART
6.674,84.04,9.82,1.84,PC,ART
6.3,80.49,8.71,1.56,AC,ART
1.8,92.89,9.5,0.65,AC,ART
4.4,92.89,9.5,0.65,AC,ART
8.2,92.89,9.5,0.65,AC,ART
4,87.19,8.94,0.94,AC,ART
18.03,79.51,8.44,1.36,AC,ART
11.7,92.89,9.5,0.65,AC,ART
15.2,84.02,8.93,1.35,AC,ART
12.594,83.56,8.55,0.95,AC,ART
12.63,94.44,9.64,0.81,AC,COL
7.7,91.84,9.51,1,AC,ART
11.1,47.63,5.92,2.59,AC,ART
6.5,67.84,7.93,2.3,AC,ART
6.101,92.43,9.63,1.07,AC,ART
9.686,77.13,8.29,1.5,AC,ART
2.996,71.87,8.29,2.2,AC,ART
2.996,86.27,9.18,1.35,AC,ART
6.175,94.93,9.67,0.78,AC,ART
7.899,96.85,9.74,0.6,AC,ART
4.483,94.85,9.59,0.7,AC,ART
2.944,76,8.37,1.75,AC,ART
1.372,75.69,8.11,1.48,AC,ART
5.08,88.07,9.02,0.92,AC,FWY
5.08,93.18,9.58,0.91,AC,FWY
6.57,84.82,8.88,1.18,AC,FWY
6.57,80.37,8.31,1.09,AC,FWY
3.7,81.39,8.88,1.64,AC,FWY
3.7,82.1,8.81,1.46,AC,FWY
4.02,66.7,7.28,1.68,AC,ART
13.19,90.44,9.33,0.97,AC,ART
16.95,90.97,9.4,0.99,AC,ART
11.81,86.82,9.03,1.1,AC,ART
8.98,68.99,7.48,1.61,AC,ART
12.07,92.89,9.5,0.65,AC,ART
9.31,82.66,8.66,1.21,AC,ART
14.4,89.02,9.18,0.98,AC,ART
16.01,89.17,9.4,1.23,AC,ART
11.59,53.29,5.39,1.2,AC,ART
2.64,92.89,9.5,0.65,AC,ART
14,92.43,9.57,1,AC,ART
11.18,79.43,8.42,1.35,AC,ART
9.79,81.47,8.47,1.14,AC,ART
19.84,92.23,9.49,0.93,AC,ART
15.24,86.74,9.15,1.25,AC,ART
30.26,86.26,9.03,1.17,AC,ART
23.866,72.07,7.51,1.24,AC,COL
22.182,98.87,10,0.65,AC,COL
17.1,58.37,7.41,2.94,AC,COL
2.9,59.72,7.48,2.85,AC,COL
16.1,42.55,5.45,2.7,AC,COL
12.442,93.09,9.66,1.02,AC,COL
13.662,85.11,8.88,1.14,AC,COL
2.7,61.04,7.55,2.76,AC,COL
6.77,90.61,9.51,1.17,AC,FWY
6.77,88.65,9.06,0.89,AC,FWY
10.39,88.78,9.34,1.21,AC,FWY
10.39,86.73,8.95,1.01,AC,FWY
4.3,73,7.68,1.32,AC,FWY
4.3,89.5,9.21,0.95,AC,FWY
19.12,79.06,8.46,1.45,AC,ART
14.49,83.83,8.8,1.22,AC,ART
11.14,71.59,7.81,1.66,AC,ART
12.16,85.42,8.83,1.04,AC,ART
12.63,85.23,8.99,1.26,AC,ART
27.64,88.87,9.35,1.21,AC,ART
13.71,90.16,9.46,1.17,AC,ART
13,73.78,8.03,1.63,AC,ART
9.01,87.63,9.27,1.28,AC,ART
10.49,98.87,10,0.65,AC,ART
8.85,86.4,8.99,1.1,AC,ART
14.37,81.76,8.54,1.18,AC,ART
13.37,91.67,9.44,0.94,AC,ART
7.7,88.86,9.3,1.15,AC,ART
2.24,76.08,8.37,1.73,AC,ART
18.67,79.95,8.68,1.59,AC,ART
4.36,75.25,7.7,1.04,AC,ART
3.03,98.87,10,0.65,AC,ART
8.17,65.01,6.94,1.5,AC,ART
7.57,69.19,7.58,1.71,AC,ART
5.1,92.89,9.5,1.63,AC,ART
4.5,98.87,10,0.65,AC,ART
3.61,84.37,8.84,1.19,AC,ART
1.44,79.9,8.53,1.42,AC,ART
7.35,76.82,8.35,1.61,AC,ART
8.7,78.76,8.24,1.22,AC,ART
13.22,69.88,7.57,1.6,AC,ART
2.89,67.59,7.51,1.83,AC,ART
12.19,86.12,8.9,1.03,AC,ART
9.88,72.87,7.63,1.28,AC,ART
7.016,87.72,9.17,1.14,AC,ART
9.06,79.34,8.41,1.35,AC,ART
8.691,92.77,9.6,0.99,AC,ART
7.116,92.99,9.63,0.99,AC,ART
12.93,73.74,8.1,1.72,AC,ART
1.25,95.04,10,1.16,AC,ART
12.814,93.07,9.97,1.39,AC,ART
6.915,77.9,8.63,1.8,AC,ART
2.89,82.12,9.07,1.77,AC,ART
2.135,53.63,6.63,2.64,AC,COL
5.16,92.89,9.5,0.65,AC,COL
5.407,77.97,8.19,1.27,AC,COL
7.01,87.25,9,0.65,AC,COL
4,79.61,8.86,1.85,AC,COL
6.6,87.22,9.18,1.22,AC,COL
9,65.66,7.28,1.82,AC,ART
4.8,79.66,8.34,1.22,AC,FWY
4.8,77.96,8.49,1.63,AC,FWY
4.1,87.79,9.06,1,AC,FWY
4.1,79.45,8.48,1.42,AC,FWY
6,86.95,9,1.04,AC,FWY
6,80.95,8.74,1.53,AC,FWY
5.68,91.8,9.34,0.8,AC,FWY
5.68,83.86,9.01,1.47,AC,FWY
7.32,84.81,8.67,0.93,AC,FWY
7.32,77.23,8.4,1.62,AC,FWY
7.6,90.71,9.21,0.79,AC,ART
5.8,65.11,7.18,1.77,AC,ART
2.9,93.05,9.62,0.97,AC,ART
2.9,81.56,8.61,1.29,AC,ART
9,90.43,9.24,0.87,AC,ART
16.157,90.87,9.38,0.98,AC,ART
9.763,91.12,9.3,0.85,AC,ART
10.9,83.97,8.69,1.07,AC,ART
7,67.42,7.76,2.16,AC,ART
1.5,81.58,8.67,1.36,AC,ART
6.4,87.25,9,0.65,AC,ART
7.831,88.11,9.32,1.27,AC,ART
10.215,79.73,8.48,1.38,AC,ART
4.552,69.46,8.11,2.3,AC,ART
13.605,90.76,9.27,0.86,AC,COL
4.389,70.18,7.63,1.64,AC,COL
3.3,89.85,9.3,1.02,AC,FWY
3.3,87.17,8.92,0.92,AC,FWY
2.5,92.89,9.5,0.65,AC,FWY
2.5,92.89,9.5,0.65,AC,FWY
2.2,92.89,9.5,0.65,AC,FWY
2.2,92.89,9.5,0.65,AC,FWY
7.59,85.07,9.07,1.38,AC,ART
9.585,91.74,9.44,0.93,AC,ART
16.2,93.01,9.44,0.76,AC,ART
11.5,86.28,8.92,1.04,AC,ART
16.6,90.39,9.4,1.06,AC,ART
7.53,81.83,8.76,1.44,AC,ART
10.03,88.54,9.33,1.23,AC,ART
7.738,93.16,9.69,1.04,AC,ART
7.464,85.35,8.8,1.02,AC,ART
8.12,87.64,9.14,1.12,AC,ART
9.1,69.75,7.41,1.43,AC,ART
12.1,75.86,8.05,1.38,AC,ART
8.055,82.89,8.65,1.16,AC,ART
13.4,78.37,8.36,1.42,AC,ART
18.6,86.72,9.36,1.51,AC,ART
8,92.25,9.61,1.07,AC,ART
5.463,82.73,8.61,1.14,AC,ART
8.27,83.99,8.71,1.09,AC,ART
4.38,94.07,9.57,0.78,AC,ART
1.8,76.81,8.48,1.77,AC,ART
9.15,92.89,9.5,0.65,AC,ART
1.4,92.89,9.5,0.65,AC,ART
3.7,92.89,9.5,0.65,AC,ART
4.6,92.89,9.5,0.65,AC,ART
10,92.89,9.5,0.65,AC,ART
5.2,81.96,8.38,0.96,AC,ART
12.3,95.67,9.66,0.67,AC,ART
16.3,85.91,9.53,1.82,AC,ART
4.2,76.49,8.56,1.91,AC,ART
4.9,78.81,8.85,1.95,AC,ART
13.9,87.28,9.39,1.47,AC,ART
10.8,87.48,9.4,1.45,AC,ART
7.59,87.13,8.92,0.92,AC,FWY
7.59,85.5,8.76,0.95,AC,FWY
16.01,82.91,8.48,0.96,AC,FWY
16.01,86.92,8.73,0.72,AC,FWY
7.713,87.82,9.21,1.18,AC,FWY
7.713,93.62,9.52,0.78,AC,FWY
2.659,82.47,8.59,1.15,AC,FWY
2.659,82.73,8.75,1.31,AC,FWY
7.995,81.67,8.25,0.85,AC,FWY
7.995,79.56,8.2,1.07,AC,FWY
3.7,87.82,8.95,0.87,AC,FWY
3.7,88.91,9.01,0.79,AC,FWY
3.115,82.78,8.68,1.21,AC,FWY
3.115,81.49,8.56,1.24,AC,FWY
7.8,70.53,7.41,1.32,AC,FWY
7.8,71.34,7.54,1.37,AC,FWY
8.1,74.25,7.68,1.15,AC,FWY
8.1,76.27,7.96,1.22,AC,FWY
6.017,72.73,7.54,1.19,AC,FWY
6.017,76.22,7.75,0.97,AC,FWY
5.887,81.7,8.37,0.99,AC,FWY
5.887,72.75,7.66,1.33,AC,FWY
10.632,86.99,8.83,0.83,AC,FWY
10.632,82.53,8.47,1,AC,FWY
12.3,93.84,9.47,0.69,AC,FWY
12.3,94.05,9.59,0.8,AC,FWY
9.4,93.6,9.54,0.8,AC,FWY
9.4,89.54,9.36,1.13,AC,FWY
5.1,87.88,8.94,0.85,AC,FWY
5.1,87.18,8.96,0.96,AC,FWY
5.9,65.22,7.13,1.7,AC,FWY
5.9,72.18,7.95,1.75,AC,FWY
4.6,87.03,9.05,1.09,AC,FWY
4.6,89.34,9.21,0.98,AC,FWY
6.076,88.27,9,0.87,AC,FWY
6.076,88.6,9.11,0.95,AC,FWY
7.808,87.25,9,1.34,AC,FWY
7.808,87.25,9,0.65,AC,FWY
5.786,63.79,6.49,1.12,AC,FWY
5.786,74.1,7.48,0.93,AC,FWY
9.134,73.68,7.52,1.04,AC,FWY
9.134,80.95,8.44,1.17,AC,FWY
8.7,89.04,9.11,0.9,AC,FWY
8.7,87.27,8.97,0.96,AC,FWY
7.2,83,8.52,0.99,AC,FWY
7.2,88.17,9.08,0.98,AC,FWY
8.35,86.7,8.99,1.06,AC,FWY
8.35,85.49,8.91,1.13,AC,FWY
8.55,88.04,9.16,1.09,AC,FWY
8.55,85.02,8.83,1.1,AC,FWY
9.225,57.57,6.01,1.37,AC,FWY
9.225,60.92,6.62,1.66,AC,FWY
5.637,74.27,7.9,1.41,AC,FWY
5.637,72.82,7.59,1.23,AC,FWY
4.6,78.18,8.3,1.37,AC,FWY
4.6,82.78,8.54,1.05,AC,FWY
8.397,90.09,9.27,0.95,AC,FWY
8.397,89.24,9.15,0.92,AC,FWY
8.735,91.91,9.4,0.86,AC,FWY
8.735,70.05,7.36,1.33,AC,FWY
11.444,59.49,6.6,1.82,AC,FWY
11.444,59.64,6.51,1.7,AC,FWY
5.9,92.89,9.5,1.85,AC,FWY
5.9,92.89,9.5,0.65,AC,FWY
3.9,67.1,7.43,1.81,AC,FWY
3.9,65.64,7.14,1.65,AC,FWY
0.5,73.47,7.9,1.52,AC,FWY
0.5,69.05,7.76,1.94,AC,FWY
6.4,51.45,5.91,2.07,AC,FWY
6.4,50.45,5.88,2.17,AC,FWY
6.572,93.59,9.68,0.97,AC,ART
10.2,58.9,6.24,1.47,AC,ART
6.4,79.85,8.58,1.49,AC,ART
8.14,78.73,8.42,1.44,AC,ART
9.6,89.47,9.4,1.19,AC,ART
6.2,93.5,9.56,0.84,AC,ART
13,92.97,9.49,0.83,AC,ART
7.3,88.51,9.1,0.95,AC,ART
10.2,89.15,9.31,1.12,AC,ART
11.9,91.64,9.38,0.87,AC,ART
17.6,83.86,8.77,1.18,AC,ART
14.2,84,8.91,1.33,AC,ART
2.1,87.11,9.09,1.13,AC,ART
6.6,88.07,9.04,0.94,AC,ART
19.4,76.77,8.19,1.43,AC,ART
11,64.33,6.82,1.44,AC,ART
27.5,85.11,8.79,1.04,AC,ART
20.5,75.48,7.97,1.34,AC,ART
19.5,87.85,9.16,1.11,AC,ART
11.4,79.91,8.29,1.13,AC,ART
10,82.58,8.59,1.13,AC,ART
11.8,84.04,8.82,1.21,AC,ART
8.1,74.9,8.11,1.58,AC,ART
15.7,67.89,7.38,1.64,AC,ART
6.4,47.95,5.62,2.19,AC,ART
34.4,44.9,6.03,3.08,AC,ART
20.1,76.41,8.21,1.5,AC,ART
17.1,92.89,9.5,0.65,AC,ART
3.6,74.49,8.1,1.62,AC,ART
29.9,73.34,7.7,1.3,AC,ART
25.9,84.87,8.95,1.26,AC,ART
30,83,8.78,1.31,AC,ART
9.6,75.19,8.13,1.57,AC,ART
14.7,82.06,8.59,1.2,AC,ART
1.7,79.48,8.43,1.35,AC,ART
2.4,94.9,9.73,0.86,AC,ART
32.3,93.85,9.62,0.87,AC,ART
29.8,92.89,9.5,0.65,AC,ART
27.6,91.43,9.51,1.06,AC,ART
1.459,85.65,9.25,1.52,AC,ART
1.3,88.89,9.45,1.32,AC,ART
15,88.68,9.17,1.02,AC,ART
16.9,89.05,9.2,1,AC,ART
21.1,84.18,8.79,1.16,AC,ART
10.6,76.02,8.27,1.62,AC,ART
5.199,93.1,9.53,0.86,AC,ART
15.199,88.98,9.17,0.98,AC,ART
36.299,89.16,9.24,1.04,AC,ART
19.779,84.03,8.67,1.04,AC,ART
25.649,86.74,9.12,1.21,AC,ART
21.519,92.58,9.62,1.04,AC,ART
21.249,92.02,9.53,1,AC,ART
33.429,74.22,8.12,1.68,AC,ART
27.699,92.88,9.46,0.8,AC,ART
27.559,87.13,9.02,1.04,AC,ART
23.179,92.86,9.52,0.88,AC,ART
28.869,98.87,10,0.65,AC,ART
24.689,77.26,8.04,1.18,AC,ART
24.999,75.39,7.99,1.37,AC,ART
3.989,77.89,8.46,1.6,AC,ART
2.209,98.87,10,0.65,AC,ART
6.809,98.87,10,0.65,AC,ART
5.739,98.87,10,0.65,AC,ART
8.439,77.49,8.25,1.4,AC,ART
5.535,78.1,8.12,1.17,AC,ART
12.059,79.86,8.51,1.4,AC,ART
9.309,85.71,8.96,1.16,AC,ART
8.839,84.78,8.78,1.07,AC,ART
9.82,98.87,10,0.65,AC,ART
9.819,98.87,10,0.65,AC,ART
13.135,92.68,9.54,0.93,AC,ART
13.129,91.24,9.46,1.02,AC,ART
12.09,93.65,9.57,0.83,AC,ART
12.084,93.58,9.59,0.87,AC,ART
5.205,92.4,9.6,1.04,AC,ART
5.204,90.25,9.51,1.21,AC,ART
3.1,86.77,9.27,1.39,AC,ART
3.099,82.39,8.9,1.53,AC,ART
2.329,78.75,8.41,1.43,AC,ART
1.169,77.25,8.42,1.64,AC,ART
4.779,82.08,8.66,1.28,AC,ART
12.219,84.45,8.82,1.16,AC,ART
13.679,87.52,8.91,0.86,AC,ART
1.889,77.43,8.51,1.72,AC,ART
15.299,84.89,9.08,1.41,AC,ART
20.969,81.32,8.58,1.29,AC,ART
31.179,82.88,8.56,1.06,AC,ART
27.039,85.39,8.78,0.99,AC,ART
29.869,88.51,9.31,1.21,AC,ART
30.499,69.7,7.69,1.77,AC,ART
16.739,90.34,9.43,1.11,AC,ART
15.799,81.91,8.7,1.35,AC,ART
22.289,85.29,9.05,1.32,AC,ART
20.319,91.99,9.62,1.11,AC,ART
20.549,72.14,8.29,2.16,AC,ART
20.709,79.19,8.64,1.65,AC,ART
15.689,78.31,7.99,0.98,AC,ART
26.309,87.4,9.18,1.2,AC,ART
4.579,47.37,6.48,3.29,AC,ART
3.999,56.4,6.96,2.67,AC,ART
17.519,91.47,9.41,0.93,AC,ART
24.009,79.43,8.24,1.13,AC,ART
25.719,94.76,9.61,0.73,AC,ART
17.699,82.07,8.53,1.13,AC,ART
2.799,61.29,7.28,2.4,AC,ART
0.299,89.77,9.92,1.77,AC,ART
5.6,91.27,9.64,1.23,AC,LOC
3.38,83.94,8.71,1.1,AC,LOC
1.2,90.38,9.59,1.29,AC,LOC
9.916,92.8,9.48,0.84,AC,ART
13.448,92.89,9.5,0.65,AC,ART
9.804,75.13,8.02,1.44,AC,ART
15.96,81.65,8.63,1.31,AC,ART
1.36,87.25,9,0.65,AC,ART
5.481,83.02,8.97,1.53,AC,ART
5.8,58.81,6.28,1.53,AC,ART
15.4,92.89,9.5,0.65,AC,ART
12.883,92.38,9.54,0.97,AC,ART
3.3,86.07,9.33,1.56,AC,ART
3.3,86.77,9.37,1.51,AC,ART
2.3,91.78,9.54,1.05,AC,ART
11.41,79.09,8.18,1.11,AC,ART
15.2,78.32,8,0.99,AC,ART
27.94,93.69,9.67,0.95,AC,ART
4.02,87.09,8.96,0.98,AC,ART
2.2,89.46,9.62,1.45,AC,ART
15.34,98.87,10,0.65,AC,ART
7.54,75.01,7.8,1.19,AC,ART
15.59,82.83,8.92,1.5,AC,ART
10.65,78.43,8.52,1.6,AC,ART
1.5,73.56,8.01,1.64,AC,FWY
1.5,76.85,8.66,1.98,AC,FWY
2.3,80.75,8.62,1.41,AC,FWY
2.3,81.93,9,1.71,AC,FWY
12.84,92.89,9.5,0.65,AC,ART
19.1,69.45,7.45,1.52,AC,FWY
5.64,71.56,7.58,1.39,AC,FWY
6.63,90.2,9.37,1.05,AC,FWY
10.99,74.33,8.17,1.73,AC,FWY
1.96,75.15,8.8,2.38,AC,FWY
15.53,76.83,9.06,2.47,AC,FWY
5.57,65.48,7.68,2.32,AC,FWY
13.22,78.11,8.99,2.21,AC,FWY
5.41,79.5,9.33,2.43,AC,FWY
17.24,79.77,9.47,2.57,AC,FWY
8.4,87.25,9,0.65,AC,FWY
16.9,76.96,7.95,1.11,AC,ART
19.2,83.95,8.73,1.12,AC,ART
13.3,72.65,7.69,1.38,AC,ART
13.076,79.08,9.31,2.47,AC,ART
18.4,74.03,9.07,2.85,AC,ART
9.7,73.85,9.18,3,AC,ART
14.9,71.59,8.92,2.99,AC,ART
8.4,74.3,9.28,3.07,AC,ART
3.4,72.3,8.32,2.18,AC,ART
8.8,78.23,9.25,2.5,AC,ART
25.6,80.19,8.61,1.48,AC,ART
12.3,77.15,9.13,2.5,AC,ART
11,72.58,8.75,2.66,AC,ART
17.8,66.31,6.86,1.23,AC,ART
2.1,75.87,7.95,1.26,AC,ART
15.7,85.55,8.76,0.94,AC,ART
14.9,93.63,9.62,0.9,AC,ART
14.8,92.32,9.4,0.81,AC,ART
8.4,85.18,8.74,0.97,AC,ART
19.86,69.61,7.41,1.45,AC,ART
19.5,64.39,6.96,1.6,AC,ART
11.06,76.99,8.12,1.31,AC,ART
12.37,64.84,7.15,1.77,AC,ART
21.68,92.89,9.5,0.65,AC,FWY
21.68,92.89,9.5,2.64,AC,FWY
10.59,49.38,5.68,2.07,AC,ART
9.3,46.36,5.8,2.62,AC,ART
7.1,91.27,9.51,1.08,AC,ART
11.7,75.19,8.28,1.75,AC,ART
11.6,68.18,7.56,1.82,AC,ART
10.8,71.68,7.74,1.57,AC,ART
7.8,87.19,9.17,1.21,AC,ART
9.5,74.64,8.03,1.52,AC,ART
12.5,76.62,8.31,1.59,AC,ART
10.3,92.89,9.5,0.65,AC,ART
27.97,79.05,8.36,1.33,AC,ART
23.99,67.51,7.37,1.68,AC,ART
33.29,57.86,6.27,1.65,AC,ART
13.53,73.59,7.84,1.43,AC,ART
1.6,51.77,5.98,2.11,AC,ART
17.27,88.29,9.25,1.16,AC,ART
13.58,76.47,8.02,1.26,AC,ART
13.58,84.67,8.88,1.2,AC,ART
3.11,73.17,8.06,1.75,AC,ART
3.11,85.27,8.8,1.03,AC,ART
12.179,77.7,8.55,1.73,AC,ART
12.179,79.78,8.54,1.45,AC,ART
13.045,78.75,8.53,1.57,AC,ART
13.045,79.99,8.38,1.23,AC,ART
3.8,61.41,7.11,2.18,AC,ART
2.8,75.82,8.05,1.39,AC,ART
3.97,47.6,5.96,2.64,AC,ART
3.9,77.68,8.13,1.23,AC,ART
17.13,41.78,5.32,2.65,AC,ART
10.11,57.37,7.09,2.69,AC,ART
12.5,79.24,8.46,1.42,AC,ART
14.2,83.04,8.81,1.34,AC,ART
8.38,80.69,8.52,1.3,AC,ART
27.8,81.05,8.71,1.48,AC,ART
19.8,83.38,8.74,1.21,AC,ART
25.315,82.14,8.66,1.28,AC,ART
22.1,85.27,8.93,1.18,AC,ART
21.605,85.48,9.17,1.44,AC,ART
15.98,84.26,9.25,1.7,AC,ART
15.17,63.51,7.21,2.02,AC,ART
15.48,89.13,9.33,1.15,AC,ART
25.796,55.16,6.68,2.49,AC,ART
33.166,53.58,6.56,2.57,AC,ART
5.896,80.68,8.43,1.19,AC,ART
26.596,83.16,8.6,1.07,AC,ART
20.016,88.38,9.36,1.28,AC,ART
20.761,81.19,8.75,1.51,AC,ART
17.736,86.57,8.99,1.08,AC,ART
27.346,93.25,9.6,0.92,AC,ART
31.076,85.43,9.14,1.41,AC,ART
16.936,86.78,9.35,1.49,AC,ART
16.206,79.92,8.81,1.75,AC,ART
27.596,92.89,9.5,0.65,AC,ART
16.176,92.89,9.5,1.43,AC,ART
15.926,86.69,8.98,1.05,AC,ART
15.306,82,8.45,1.04,AC,ART
13.366,85.72,8.83,1,AC,ART
12.896,94.64,9.73,0.89,AC,ART
26.596,79.54,8.34,1.24,AC,ART
18.836,85.48,8.89,1.11,AC,ART
17.196,86.2,8.81,0.91,AC,ART
12.666,93.29,9.58,0.89,AC,ART
19.196,81.31,8.49,1.18,AC,ART
16.046,88.89,9.15,0.96,AC,ART
21.026,86.98,8.99,1.03,AC,ART
18.696,84.37,8.64,0.95,AC,ART
14.906,89.61,9.38,1.14,AC,ART
4.496,81.33,8.61,1.32,AC,ART
30.696,91.91,9.63,1.14,AC,ART
19.946,86.11,9.04,1.2,AC,ART
24.646,74.34,7.94,1.45,AC,ART
26.046,79.13,8.06,0.96,AC,ART
4.736,74.83,8.35,1.88,AC,ART
19.246,87.25,9,0.65,AC,ART
1.916,83.24,8.58,1.03,AC,ART
18.706,87.25,9,1.18,AC,ART
35.086,78.37,8.18,1.2,AC,ART
28.136,91.74,9.44,0.93,AC,ART
9.096,79.03,8.18,1.11,AC,ART
4.656,75.12,7.87,1.26,AC,ART
1.466,83.95,8.8,1.2,AC,ART
5.136,83.88,8.76,1.16,AC,ART
4.466,88.04,9.2,1.14,AC,ART
1.196,61.41,6.54,1.5,AC,ART
10.126,65.32,6.91,1.42,AC,ART
11.706,80.46,8.58,1.4,AC,ART
15.586,87.89,9.17,1.12,AC,ART
8.04,79.29,8.67,1.67,AC,ART
4.38,78.58,8.6,1.68,AC,ART
6,81.94,8.8,1.47,AC,ART
8.38,80.06,8.71,1.61,AC,ART
6.76,84.75,9.1,1.46,AC,ART
4.86,43.45,5.05,2.1,AC,ART
15.894,41.15,5.28,2.69,AC,ART
1,51.16,7.27,3.74,AC,LOC
8.9,36.54,4.23,2.04,AC,ART
9.9,79.96,9,1.97,AC,ART
1.919,58.48,6.19,1.47,AC,ART
10.4,80.98,8.51,1.25,AC,ART
16.8,84.54,8.75,1.06,AC,ART
12.97,87.16,8.99,1,AC,ART
7.8,91.59,9.29,0.77,AC,ART
4.2,89.86,9.44,1.18,AC,ART
15.62,90.58,9.25,0.86,AC,ART
13.18,92.49,9.55,0.96,AC,ART
5.8,93.83,9.59,0.83,AC,ART
0.8,68.15,8.13,2.51,AC,ART
9,89.04,9.12,0.91,AC,ART
9.7,93.86,9.56,0.79,AC,ART
4.6,92.31,9.54,0.98,AC,ART
9.4,90.61,9.39,1.02,AC,ART
14.7,93.47,9.47,0.74,AC,ART
3.1,89.59,9.26,1,AC,ART
12.9,88.84,9.5,1.39,AC,ART
20.85,92.85,9.41,0.75,AC,ART
2.6,92.85,9.65,1.04,AC,ART
18,93.42,9.64,0.95,AC,ART
11.05,76.32,8.23,1.54,AC,ART
10.3,89.55,8.96,0.65,AC,ART
25.7,89.1,8.94,0.68,AC,ART
7.2,92.19,9.34,0.75,AC,ART
8.8,93.73,9.42,0.64,AC,ART
9,87.71,9.16,1.13,AC,ART
2.1,69.97,7.71,1.76,AC,ART
8.1,78.82,8.43,1.44,AC,ART
12,84,8.91,1.33,AC,ART
9.1,90.39,9.19,0.81,AC,ART
16.1,92.23,9.5,0.94,AC,ART
13.4,82.08,8.82,1.48,AC,ART
4.8,85.88,9.19,1.41,AC,ART
1.7,81.21,8.6,1.33,AC,ART
3.8,81.64,8.54,1.2,AC,ART
4.8,92.89,9.5,0.65,AC,ART
6.6,84.85,8.82,1.11,AC,ART
3.5,77.1,8.1,1.28,AC,ART
14.8,91.15,9.49,1.07,AC,ART
15.7,93.09,9.56,0.9,AC,ART
3.499,88.58,9.43,1.34,AC,ART
7,89.28,9.46,1.28,AC,ART
7,89.98,9.5,1.24,AC,ART
13.1,94.06,9.62,0.84,AC,ART
9.8,90.83,9.39,0.99,AC,ART
9.9,94.05,9.61,0.83,AC,ART
15.3,93.82,9.58,0.82,AC,ART
14.7,83.07,8.87,1.4,AC,ART
2.16,88.16,9.44,1.41,AC,ART
4.4,87.66,9.26,1.26,AC,ART
9.55,89.17,9.42,1.25,AC,ART
18.97,75.65,7.82,1.13,AC,ART
8.03,54.81,6.82,2.71,AC,ART
14.8,86.43,9.04,1.16,AC,ART
14.12,92.93,9.58,0.94,AC,ART
12.68,93.14,9.53,0.85,AC,ART
26.86,87.25,9,0.65,AC,COL
7.75,87.25,9,0.65,AC,COL
6.26,87.25,9,0.65,AC,COL
18.44,86.07,9.09,1.27,AC,COL
6.96,87.25,9,0.65,AC,COL
7.39,87.25,9,0.65,AC,COL
13.48,98.87,10,0.65,AC,COL
13.16,82.12,8.73,1.36,AC,COL
7.5,75.65,8.05,1.41,AC,COL
4.64,72.22,8.06,1.88,AC,COL
5.3,73.92,8.13,1.73,AC,ART
8.86,80.37,8.47,1.28,AC,ART
8.136,89.81,9.33,1.06,AC,FWY
8.136,70.18,7.03,0.91,AC,FWY
2.744,64.95,6.74,1.26,AC,FWY
2.744,67.1,6.69,0.92,AC,FWY
7.873,63.97,6.61,1.24,AC,FWY
7.873,65.35,6.66,1.11,AC,FWY
1.529,81.16,8.85,1.64,AC,FWY
10.1,89.84,9.17,0.86,AC,ART
16.5,86.49,9.05,1.16,AC,ART
1.5,85.21,9.23,1.55,AC,ART
16.9,90.79,9.38,0.99,AC,ART
10.8,91.57,9.45,0.97,AC,ART
9.1,87.25,9,0.65,AC,ART
15.1,76.64,8.49,1.81,AC,ART
8.1,87.24,9.12,1.15,AC,ART
10.5,83.78,8.64,1.03,AC,ART
4.5,83.06,8.85,1.38,AC,ART
11.5,87.88,9.21,1.17,AC,ART
9.7,75.67,8.48,1.92,AC,ART
13.8,92.89,9.5,0.65,AC,ART
12.4,88.3,9.32,1.25,AC,ART
16,82.06,8.79,1.44,AC,ART
17.34,73.57,7.83,1.42,AC,ART
16.1,90.35,9.12,0.73,AC,ART
7.8,87.98,9.32,1.29,AC,ART
6.2,89.22,9.34,1.15,AC,ART
1.2,78.65,8.86,1.98,AC,ART
16.35,90.35,9.22,0.85,AC,ART
4.1,86.08,8.83,0.95,AC,ART
1.9,75.59,8.46,1.91,AC,ART
17.5,73.48,8.02,1.66,AC,ART
6.9,86.75,9.11,1.02,CO,ART
5.3,86.64,9.07,1,CO,ART
2.7,67.17,7.76,1.75,CO,ART
2.7,68.1,7.55,1.51,CO,ART
5.5,77.92,8.39,1.27,CO,ART
5.5,73.81,8.45,1.69,CO,ART
3.2,77.2,7.97,1.11,AC,ART
3.2,83.21,8.97,1.51,AC,ART
6,82.28,8.79,1.41,AC,ART
2.1,82.38,8.92,1.56,AC,ART
2.1,74.87,8.63,2.21,AC,ART
11.3,74.73,7.83,1.27,AC,ART
9.98,77.38,7.89,0.99,AC,ART
13,81.21,8.25,0.91,AC,ART
7.4,76.07,7.87,1.14,AC,ART
16.05,77.87,8.41,1.55,AC,ART
6.19,84.21,8.78,1.14,AC,ART
6.2,93.78,9.68,0.95,AC,ART
9.22,73.96,7.91,1.47,AC,ART
10.1,75.64,7.97,1.31,AC,ART
12.11,75.73,7.98,1.31,AC,ART
10.13,81.03,8.44,1.16,AC,ART
10.2,80.81,8.29,1.01,AC,ART
3.07,78.02,8.51,1.65,AC,ART
14.71,92.23,9.64,1.11,AC,ART
14.69,90.46,9.56,1.25,AC,ART
14.317,92.51,9.63,1.06,AC,ART
11.414,87.25,9,0.65,AC,ART
17.28,92.89,9.5,0.65,AC,ART
4.378,81.03,8.9,1.71,AC,ART
9.55,92.89,9.5,0.65,AC,ART
8.236,92.89,9.5,0.65,AC,ART
5.75,88.06,9.06,0.97,AC,COL
5.22,79.7,8.56,1.48,AC,ART
2,88.33,9.44,1.39,AC,ART
4.342,50.79,6.16,2.46,AC,ART
3.94,69.01,7.93,1.72,CO,FWY
3.94,64.59,7.68,1.93,CO,FWY
5.128,83.04,8.98,1.54,AC,ART
0.7,59.29,7.18,2.55,AC,FWY
20.33,90.13,9.28,0.95,AC,ART
14.8,84.22,8.8,1.17,AC,ART
10.11,76.7,8.14,1.38,AC,ART
7.85,73.93,7.82,1.36,AC,ART
12.41,71.1,7.56,1.43,AC,ART
12.36,93.92,9.67,0.92,AC,ART
9.3,72.67,7.88,1.6,AC,ART
7.3,84.39,8.8,1.14,AC,ART
7,65.65,7.04,1.53,AC,ART
14.08,76.48,8.17,1.44,AC,ART
18.31,92.89,9.5,0.75,AC,ART
27.44,66.93,7.94,2.44,AC,ART
14.16,92.89,9.5,0.65,AC,ART
23.6,90.35,9.12,0.73,AC,ART
9.8,90.71,9.26,0.85,AC,ART
11,90.08,9.29,0.97,AC,ART
15.1,57.45,6.92,2.48,AC,ART
6.5,92.89,9.5,0.65,AC,ART
2.022,87.25,9,0.65,AC,ART
20.746,93.51,9.5,0.77,AC,ART
18.9,71.2,7.51,1.35,AC,ART
13.93,83.18,8.62,1.09,AC,ART
4.52,70.26,7.68,1.68,AC,ART
3.03,81.03,8.58,1.33,AC,ART
11.6,75.8,8.01,1.34,AC,ART
14.6,84.96,9.19,1.54,AC,ART
5.33,89.53,9.4,1.18,AC,ART
2.91,93.17,9.65,0.99,AC,ART
16.81,92.89,9.5,0.65,AC,ART
12.29,74.39,7.91,1.41,AC,ART
14.81,87.25,9,0.65,AC,ART
15.58,83.16,8.77,1.27,AC,ART
17.4,85.05,8.98,1.27,AC,ART
15.01,92.42,9.37,0.76,AC,ART
5.7,77.51,8.23,1.38,AC,ART
10.89,70.51,7.87,1.88,AC,ART
7.3,90.04,9.33,1.03,AC,ART
19.037,80.25,8.8,1.7,AC,COL
17.8,61.29,6.84,1.87,AC,COL
23.371,58.67,6.8,2.17,AC,COL
9.7,60.23,6.92,2.11,AC,LOC
8.6,40.69,5.43,2.93,AC,LOC
4,87.64,9.34,1.36,AC,LOC
18.7,66.41,7.12,1.53,AC,LOC
17.6,98.87,10,0.65,AC,LOC
13.4,65.37,7.18,1.73,AC,LOC
20.9,80.41,8.42,1.22,AC,LOC
12.1,92.89,9.5,0.65,AC,LOC
22.5,64.34,7.07,1.74,AC,LOC
21.939,92.05,9.46,0.91,AC,COL
0.8,91.43,9.34,0.85,AC,COL
21.7,81.71,8.41,1.03,AC,LOC
13.1,76.48,7.86,1.07,AC,LOC
14.9,71.96,7.97,1.81,AC,LOC
14.3,48.88,5.67,2.12,AC,LOC
18.5,67.77,7.53,1.83,AC,LOC
15.4,92.49,9.61,1.04,AC,LOC
19.4,74.3,7.9,1.41,AC,COL
23.1,55.29,6.43,2.18,AC,COL
12.3,81.67,8.77,1.47,AC,COL
17.2,85.4,8.86,1.08,AC,LOC
12.4,79.32,8.53,1.5,AC,LOC
15.2,51.33,5.99,2.18,AC,LOC
8.3,36.68,5.6,3.67,AC,LOC
0.8,80.41,9.05,1.97,AC,LOC
0.7,27.34,5.58,4.88,AC,LOC
21.4,77.83,8.01,1.07,AC,FWY
26.5,70.99,7.39,1.24,AC,FWY
18,82.35,8.45,1,AC,FWY
12.3,79.48,8.3,1.2,AC,FWY
25.7,89.67,9.19,0.91,AC,FWY
18.2,85.99,8.86,1,AC,FWY
18.2,81.43,8.3,0.94,AC,FWY
12.5,89.18,9.06,0.82,AC,FWY
12.5,87.18,8.8,0.77,AC,FWY
5.27,71.86,7.68,1.47,AC,FWY
5.27,80.98,8.6,1.36,AC,FWY
23.94,62.44,6.61,1.44,AC,ART
2.1,66.37,7,1.39,AC,ART
28.47,93.92,9.69,0.94,AC,ART
27.68,90.67,9.53,1.18,AC,ART
23.52,98.87,10,0.65,AC,ART
27.76,78.39,8.39,1.45,AC,ART
20.63,87.25,9,0.94,AC,ART
35.574,73.82,7.82,1.38,AC,COL
24.896,78.19,8.59,1.72,AC,COL
6.1,60.28,6.84,2.01,AC,COL
1.342,75.24,8,1.4,AC,COL
6.296,88.36,9.07,0.94,AC,ART
5.634,86.03,8.73,0.84,AC,ART
9.06,71.31,8.46,2.48,AC,ART
1.64,60.11,7.35,2.64,AC,ART
1.8,90.53,9.41,1.06,AC,FWY
1.8,90.09,9.4,1.1,AC,FWY
1.8,87.46,9.04,1.02,AC,FWY
1.8,93.23,9.64,0.97,AC,FWY
2.4,84.52,8.79,1.11,AC,FWY
2.4,82.51,8.61,1.17,AC,FWY
2.4,83.42,8.62,1.06,AC,FWY
2.4,82.2,8.45,1.02,AC,FWY
3.15,87.85,9.1,1.04,AC,FWY
3.15,82.98,8.52,1,AC,FWY
3.3,86.73,9.25,1.37,AC,ART
4.5,94.23,9.61,0.8,AC,ART
5.6,92.89,9.5,0.65,AC,ART
2.27,66.64,7.44,1.88,AC,ART
6.56,73.68,7.76,1.32,AC,ART
11.6,71.46,7.52,1.33,AC,ART
4.8,91.83,9.63,1.15,AC,ART
11.8,91.15,9.45,1.02,AC,ART
10.3,83.99,8.68,1.05,AC,ART
7.7,84.99,8.76,1.02,AC,ART
12.3,87.65,9.09,1.06,AC,ART
14.5,95.73,9.63,0.63,AC,ART
12.7,93.04,9.56,0.9,AC,COL
11.4,88.66,9.25,1.11,AC,COL
3.1,54.16,6.61,2.55,AC,LOC
9.3,67.53,7.22,1.5,AC,LOC
22.7,78.59,8.4,1.44,AC,COL
15.5,76.86,8.18,1.4,AC,COL
20.8,79.78,8.33,1.19,AC,COL
14.8,65.5,7.18,1.72,AC,COL
15.3,85.9,8.81,0.95,AC,ART
9.7,76.15,8.06,1.35,AC,ART
14.4,72.81,7.79,1.48,AC,ART
5.5,59.27,6.57,1.82,AC,ART
3,70.36,7.65,1.63,AC,ART
15.2,78.81,8.14,1.1,AC,ART
16.9,91.33,9.44,0.99,AC,COL
31,88.4,9.24,1.14,AC,COL
10.2,61.85,6.7,1.63,AC,COL
20.9,93.51,9.6,0.89,AC,COL
48,88.09,9.18,1.11,AC,COL
21.765,72.84,7.73,1.4,AC,COL
23.79,74.5,8.04,1.55,AC,COL
7.604,83.41,8.75,1.21,AC,COL
26.8,60.74,6.8,1.9,AC,COL
38.6,84.66,8.74,1.04,AC,COL
26.6,93.08,9.46,0.78,AC,COL
14.5,90.07,9.33,1.02,AC,COL
18,89.62,9.35,1.11,AC,COL
1.8,88.9,9.12,0.93,AC,COL
0.2,76.25,9.18,2.68,AC,ART
13.1,92.37,9.51,0.93,AC,ART
13.03,88.06,9.29,1.24,AC,ART
30.71,87.25,9,0.65,AC,COL
30.899,93.91,9.74,1,AC,COL
39.691,94.13,9.63,0.84,AC,COL
29.52,65.53,7.01,1.51,AC,COL
25.857,77.76,8.18,1.28,AC,COL
14.113,77.92,8.45,1.59,AC,COL
2.7,65.9,7.4,1.93,AC,COL
24.7,90.69,9.61,1.28,AC,ART
11.2,78.25,8.35,1.42,AC,ART
19.8,92.66,9.51,0.89,AC,LOC
2.693,87.73,9.16,0.71,PC,FWY
2.493,82.16,8.46,1.03,AC,FWY
1.99,91.37,9.68,0.58,PC,FWY
12.012,85.01,8.66,0.89,AC,FWY
11.622,84.02,8.63,0.76,PC,FWY
3,91.86,9.75,0.94,PC,FWY
1.63,80.62,8.45,1.23,AC,FWY
4.532,85.84,8.89,0.76,PC,FWY
3.902,92.89,9.5,0.65,AC,FWY
3.5,84.3,8.67,0.93,PC,FWY
4,63.12,6.65,1.4,AC,FWY
11.45,61.04,7.01,2.11,AC,COL
11.57,85.59,8.81,1,AC,COL
12.91,58.27,6.69,2.09,AC,COL
6.3,61.85,7.1,2.11,AC,COL
7.1,79.29,8.56,1.54,AC,COL
2.7,84.96,9.02,1.33,AC,COL
12.3,73.52,7.97,1.6,AC,COL
8.4,64.57,7.21,1.88,AC,COL
23.1,74.34,8.07,1.61,AC,COL
26.6,67.12,7.25,1.59,AC,COL
4.4,78.36,8.23,1.26,AC,COL
20.01,56.24,6.29,1.88,AC,ART
6.97,80.92,8.33,1.04,AC,ART
10.86,77.63,8.04,1.13,AC,ART
19.53,94.2,9.58,0.77,AC,ART
17.69,92.74,9.44,0.8,AC,ART
13.2,77.11,8.07,1.24,AC,ART
5.2,64.15,7.35,2.1,AC,ART
8.96,79.42,8.33,1.24,AC,COL
4.64,73.84,7.81,1.36,AC,COL
16.85,93.4,9.61,0.91,AC,ART
4.3,63.93,7.47,2.27,AC,ART
17.37,62.7,7.39,2.35,AC,ART
29.9,73.44,7.97,1.61,AC,COL
16.5,78.31,7.94,0.92,AC,COL
14.3,77.99,7.92,0.94,AC,COL
11,65.83,7.84,3.18,ST,COL
9.8,53.13,6.52,3.33,ST,COL
11.8,52.98,6.74,3.71,ST,COL
10.2,55.58,6.81,3.36,ST,COL
17.7,54.18,6.59,3.25,ST,COL
40.1,60.65,7.22,3.11,ST,COL
22.13,68.06,7.96,2.31,AC,COL
25.84,87.25,9,0.65,AC,COL
3,81.24,8.6,1.32,AC,COL
9.2,87.25,9,0.65,AC,COL
4.2,87.25,9,0.65,AC,COL
2.59,87.25,9,0.65,AC,COL
4.17,77.83,8.05,1.12,AC,ART
10.73,52.42,6.79,3,AC,ART
10.98,62.05,7.02,1.99,AC,ART
2.5,55.56,6.54,2.28,AC,ART
2.7,69.06,8.17,2.43,AC,FWY
1.6,81.2,8.4,1.09,AC,FWY
1.6,84.57,8.93,1.28,AC,FWY
17.43,73.22,7.55,1.13,AC,ART
16.9,92.24,9.4,0.82,AC,ART
5.666,82.61,9.03,1.66,AC,ART
5.235,85.3,9.31,1.64,AC,ART
7.7,84.85,8.91,1.21,AC,COL
11.3,89.15,9.32,1.13,AC,COL
6.8,73.15,7.73,1.36,AC,COL
5.4,73.72,7.66,1.2,AC,COL
5.1,87.99,9.3,1.26,AC,COL
13.579,90.93,9.42,1.02,AC,COL
3.47,58.14,6.41,1.78,AC,COL
0.89,61.95,6.79,1.72,AC,COL
17.6,87.87,9.08,1.02,AC,ART
2.1,45.04,6.61,3.77,AC,ART
2.1,59.31,7.64,3.09,AC,ART
8.1,86.57,9.39,1.56,AC,ART
11.6,89.63,9.58,1.38,AC,ART
18.1,90.09,9.62,1.37,AC,ART
24.6,92.05,9.55,1.02,AC,ART
19.4,92.24,9.4,0.82,AC,ART
17.6,94.87,9.63,0.74,AC,ART
24.7,92.75,9.51,0.88,AC,ART
20.1,67.98,7.29,1.52,AC,ART
22.1,70.25,7.76,1.78,AC,ART
22.8,89.5,9.22,0.97,AC,ART
20.5,69.59,7.4,1.44,AC,ART
28.142,81.42,8.62,1.32,AC,ART
14.3,87.25,9,0.65,AC,ART
5,52.71,6.64,2.78,AC,COL
1.612,58.32,7.46,2.33,CO,FWY
1.612,65.18,7.75,1.93,CO,FWY
6.496,92.89,9.5,0.65,AC,FWY
6.496,93.24,9.62,0.95,AC,FWY
2.112,92.89,9.5,0.65,AC,FWY
2.112,77.78,8.02,1.09,AC,FWY
2.047,85.74,8.8,0.96,AC,FWY
2.047,85,8.92,1.03,CO,FWY
2.047,71.05,7.08,0.86,AC,FWY
2.047,70.8,7.09,0.91,CO,FWY
4.209,89.04,9.25,1.06,AC,FWY
4.209,86.78,8.76,0.78,AC,FWY
8.406,76.89,8.12,1.33,AC,FWY
8.406,74.75,7.52,0.89,AC,FWY
12.414,80.86,8.55,1.31,AC,FWY
12.414,78,8,1.04,AC,FWY
2.404,66.91,7.46,1.87,AC,FWY
2.404,72.71,7.88,1.6,AC,FWY
17.5,90.5,9.46,1.12,AC,FWY
17.5,91.45,9.33,0.84,AC,FWY
18.5,76.76,8.3,1.56,AC,FWY
18.5,95.68,9.61,0.57,AC,FWY
10.2,67.97,7.31,1.55,AC,FWY
10.2,75.24,7.75,1.1,AC,FWY
6.6,91.75,9.35,0.82,AC,FWY
6.6,90.57,9.31,0.93,AC,FWY
9.8,92.69,9.3,0.64,AC,FWY
9.8,92.09,9.42,0.86,AC,FWY
15.3,92.7,9.31,0.65,AC,FWY
15.3,91.7,9.27,0.73,AC,FWY
11.3,91.26,9.3,0.83,AC,FWY
11.3,91.48,9.35,0.86,AC,FWY
7.138,83.03,8.63,1.12,AC,FWY
7.138,91.42,9.36,0.88,AC,FWY
1.24,83.55,8.92,1.4,AC,FWY
1.24,76,7.89,1.17,AC,FWY
12.512,84.82,8.6,0.85,AC,FWY
12.512,90.63,9.28,0.89,AC,FWY
8.864,85.82,8.74,0.88,AC,FWY
8.864,93.13,9.6,0.94,AC,FWY
4.202,85.72,8.8,0.97,AC,FWY
4.202,85.68,8.9,1.09,AC,FWY
6.633,62.1,6.34,1.16,AC,FWY
6.633,73.15,7.33,0.88,AC,FWY
10.214,94.93,9.67,0.78,AC,FWY
10.214,93.73,9.57,0.82,AC,FWY
14.067,87.25,9,0.65,AC,FWY
14.067,87.25,9,0.65,AC,FWY
6.429,63.52,6.66,1.36,AC,FWY
6.429,64.93,6.67,1.18,AC,FWY
10.247,48.18,5.61,2.15,AC,FWY
10.207,49.35,5.54,1.9,AC,FWY
16.3,76.96,7.89,1.04,AC,FWY
16.26,81.5,8.31,0.94,AC,FWY
1.1,81.88,8.24,0.81,AC,FWY
1.1,81.13,8.52,1.24,AC,FWY
14.39,74.23,7.85,1.36,AC,FWY
14.39,74.22,7.86,1.37,AC,FWY
17.61,92.89,9.5,0.65,AC,FWY
17.61,92.89,9.5,0.65,AC,FWY
18.15,80.56,8.46,1.25,AC,FWY
18.15,74.42,7.89,1.38,AC,FWY
19.57,84.87,8.82,1.1,AC,FWY
19.57,83.17,8.7,1.19,AC,FWY
20.51,71.44,7.45,1.25,AC,FWY
20.51,73.56,8.09,1.74,AC,FWY
7.87,89.27,9.09,0.84,AC,FWY
7.87,88.69,9.03,0.85,AC,FWY
8.69,82.79,8.51,1.01,AC,FWY
8.69,80.95,8.48,1.22,AC,FWY
16.44,92.89,9.5,0.65,AC,FWY
16.44,92.89,9.5,0.65,AC,FWY
18.27,83.23,8.44,0.87,AC,FWY
18.27,86.57,8.9,0.97,AC,FWY
11.09,87.56,8.91,0.85,AC,FWY
11.09,80.87,8.2,0.89,AC,FWY
14.25,94.15,9.52,0.71,AC,FWY
14.25,93.79,9.59,0.84,AC,FWY
16.02,94.51,9.56,0.71,AC,FWY
16.02,93.84,9.52,0.75,AC,FWY
13.08,79.55,8.21,1.08,AC,FWY
13.08,79.89,8.3,1.14,AC,FWY
10.62,85.34,8.78,0.99,AC,FWY
10.62,87,8.94,0.96,AC,FWY
8.24,86.55,8.93,1.01,AC,FWY
8.24,86.84,8.96,1.01,AC,FWY
5.87,84.39,8.66,0.98,AC,FWY
5.87,84.81,8.65,0.91,AC,FWY
13.89,89.53,9.09,0.81,AC,FWY
13.89,91.8,9.34,0.8,AC,FWY
14.59,91.33,9.27,0.78,AC,FWY
14.59,91.8,9.34,0.8,AC,FWY
19.64,90.13,9.12,0.76,AC,FWY
19.64,92.27,9.52,0.96,AC,FWY
18.06,92.89,9.5,0.65,AC,FWY
18.06,92.89,9.5,0.65,AC,FWY
12.26,87.61,8.92,0.86,AC,FWY
12.26,82.25,8.32,0.85,AC,FWY
10.29,95.67,9.67,0.68,AC,FWY
10.29,83.86,8.39,0.72,AC,FWY
13.69,68.77,7.21,1.32,AC,FWY
13.69,67.18,7.12,1.42,AC,FWY
9.82,74.08,7.72,1.22,AC,FWY
9.82,75.96,7.88,1.16,AC,FWY
6.71,92.89,9.5,0.65,AC,FWY
6.71,92.89,9.5,0.65,AC,FWY
7.49,77.81,7.9,0.94,AC,FWY
7.49,67.55,6.91,1.12,AC,FWY
4.03,81.16,8.34,1.02,AC,FWY
4.03,78.85,8.23,1.2,AC,FWY
5.44,84.32,8.78,1.13,AC,FWY
5.44,80.17,8.16,0.94,AC,FWY
4.2,94.7,9.57,0.69,AC,FWY
4.2,88.65,8.88,0.67,AC,FWY
6.557,94.67,9.6,0.73,AC,FWY
6.557,90.16,9.22,0.88,AC,FWY
7.969,94.14,9.57,0.77,AC,FWY
7.969,90.41,9.3,0.94,AC,FWY
11.445,85.57,8.63,0.78,AC,FWY
11.445,77.02,7.78,0.9,AC,FWY
9.443,84.77,8.57,0.82,AC,FWY
9.443,77.11,7.81,0.93,AC,FWY
8.812,84.07,8.63,0.98,AC,FWY
8.812,78.09,8.01,1.04,AC,FWY
3.269,83.92,8.63,1,AC,FWY
3.269,78.31,8.17,1.2,AC,FWY
4.122,87.85,9.1,1.04,AC,FWY
4.122,79.59,8.2,1.06,AC,FWY
5.831,80.08,8.33,1.02,CO,FWY
5.831,80.16,8.34,1.02,CO,FWY
5.831,78.33,8.02,0.94,CO,FWY
5.831,78.33,8.02,0.94,CO,FWY
7.563,78.45,8.24,1.1,CO,FWY
7.563,78.32,8.23,1.11,CO,FWY
7.563,81.16,8.12,0.76,CO,FWY
7.563,86.04,9,0.65,CO,FWY
1.799,80.36,8.47,1.11,CO,FWY
1.799,80.16,8.47,1.12,CO,FWY
1.799,82.88,8.46,0.87,CO,FWY
1.799,71.98,7.78,1.33,CO,FWY
5.727,78.85,8.31,1.12,CO,FWY
5.727,86.04,9,0.65,CO,FWY
5.727,71.98,7.78,1.33,CO,FWY
5.727,75.84,8.08,1.21,CO,FWY
2.722,80.52,8.46,1.08,CO,FWY
8.716,77.54,8.28,1.21,CO,FWY
4.74,75.6,8.11,1.26,CO,FWY
8.716,75.84,8.08,1.21,CO,FWY
5.994,76.19,8.2,1.28,CO,FWY
8.174,92.32,9.5,0.65,CO,FWY
4.198,79.39,8.53,1.24,CO,FWY
4.198,98.35,10,0.65,CO,FWY
4.198,76.36,8.22,1.28,CO,FWY
5.759,81.55,8.52,1.04,CO,FWY
5.759,75.39,8.21,1.36,CO,FWY
5.759,72.74,7.87,1.33,CO,FWY
4.058,78.31,8.32,1.18,CO,FWY
4.058,78.18,8.31,1.18,CO,FWY
4.058,72.74,7.87,1.34,CO,FWY
4.058,74.77,7.86,1.14,CO,FWY
2.593,82.68,8.72,1.09,CO,FWY
2.593,77.88,8.15,1.08,CO,FWY
1.774,82.26,8.62,1.05,CO,FWY
1.774,79.55,8.51,1.21,CO,FWY
5.78,85.29,8.79,1.01,AC,FWY
5.78,85.5,8.8,1,AC,FWY
5.78,84.44,8.76,1.09,AC,FWY
5.78,85.29,8.79,1.01,AC,FWY
3.898,92.3,10,1.2,PC,FWY
3.898,91.85,10,1.24,PC,FWY
3.898,92.3,10,1.2,PC,FWY
3.898,90.52,9.81,1.24,PC,FWY
8.928,78.18,8.21,1.26,AC,FWY
8.928,85.16,8.81,1.05,AC,FWY
2.395,80.95,8.45,1.18,AC,FWY
2.395,76.24,7.98,1.25,AC,FWY
9.231,88.04,8.98,0.87,AC,FWY
9.231,89.57,9.14,0.86,AC,FWY
12.658,76.29,8,1.26,AC,FWY
12.658,82.77,8.62,1.14,AC,FWY
6.49,90.21,9.1,0.73,AC,FWY
6.49,90.54,9.1,0.68,AC,FWY
3.983,87.52,8.91,0.86,AC,FWY
3.983,89.96,9.08,0.74,AC,FWY
10.38,84.23,8.54,0.85,AC,FWY
10.38,91.49,9.2,0.68,AC,FWY
3.96,74.77,7.75,1.17,AC,FWY
3.96,82.04,8.18,0.71,AC,FWY
4.56,92.89,9.5,0.65,AC,FWY
4.56,92.89,9.5,0.65,AC,FWY
4.23,83.88,8.43,0.77,AC,FWY
4.23,83.55,8.53,0.93,AC,FWY
7.75,94.5,9.61,0.77,AC,FWY
7.75,94.59,9.62,0.77,AC,FWY
11.68,89.91,9.15,0.83,AC,FWY
11.68,88.57,9.01,0.84,AC,FWY
2.14,93.61,9.38,0.6,AC,FWY
2.14,89.77,8.98,0.64,AC,FWY
10.98,88.21,8.78,0.61,AC,FWY
10.98,85.24,8.45,0.58,AC,FWY
2.05,73.7,7.32,0.79,AC,FWY
2.05,78.76,7.73,0.56,AC,FWY
7.03,86.47,8.84,0.91,AC,FWY
7.03,87.55,8.92,0.87,AC,FWY
3.09,82.74,8.29,0.75,AC,FWY
3.09,88.3,8.9,0.74,AC,FWY
11.05,77.74,7.78,0.81,AC,FWY
11.05,87.45,8.81,0.75,AC,FWY
10,89.9,9.14,0.82,AC,FWY
10,91.66,9.24,0.7,AC,FWY
9.33,80.93,8.29,0.99,AC,FWY
9.33,80.69,8.18,0.89,AC,FWY
7.99,93.03,9.36,0.66,AC,FWY
7.99,90.1,9.08,0.72,AC,FWY
2.96,70.98,7.2,1.01,AC,FWY
2.96,79.36,8.06,0.93,AC,FWY
4.78,87.78,8.85,0.75,AC,FWY
4.78,88.16,8.96,0.83,AC,FWY
5.88,77.06,8.21,1.41,AC,FWY
5.88,79.63,8.29,1.17,AC,FWY
12.56,71.8,7.42,1.17,AC,FWY
12.56,68.76,7.03,1.1,AC,FWY
16.23,77.91,7.94,0.98,AC,FWY
16.23,77.82,7.93,0.98,AC,FWY
16.1,86.29,8.91,1.02,AC,FWY
16.1,84.19,8.98,1.39,AC,FWY
17.21,83.74,8.78,1.21,AC,FWY
17.21,84.4,9.09,1.49,AC,FWY
13.42,77.66,8.04,1.13,AC,FWY
6.02,88.06,9.44,1.42,AC,FWY
26.75,81.51,8.74,1.46,AC,FWY
20.05,80.15,8.45,1.29,AC,FWY
11.75,87.34,9.5,0.65,PC,FWY
7.52,73.63,8.06,1.69,AC,FWY
16.77,87.34,9.5,1.62,PC,FWY
13.24,93.1,10,0.65,PC,FWY
10.47,77.5,8.38,1.52,PC,FWY
10.47,80.37,8.64,1.42,PC,FWY
9.91,87.92,9.8,1.47,PC,FWY
9.91,87.5,9.55,1.35,PC,FWY
7.16,84.21,9.82,1.82,PC,FWY
7.16,87.48,9.82,1.53,PC,FWY
10.25,89.28,9.67,1.27,PC,FWY
10.25,85.62,9.11,1.24,PC,FWY
4.12,91.46,9.92,1.23,PC,FWY
4.12,88.93,9.92,1.46,PC,FWY
10.6,90.88,9.22,0.78,AC,FWY
10.6,91.62,9.34,0.83,AC,FWY
7.7,88.76,9.13,0.96,AC,FWY
7.7,88.86,9.1,0.91,AC,FWY
5.3,85.61,8.89,1.09,AC,FWY
5.3,82.33,8.59,1.17,AC,FWY
7.7,84.04,8.82,1.21,AC,FWY
5.1,74.58,7.71,1.14,AC,FWY
5,81.11,8.39,1.09,AC,FWY
6.8,75.45,7.81,1.15,AC,FWY
4.4,89.49,9.04,0.75,AC,FWY
8.1,82.5,8.48,1.01,AC,FWY
8.1,86.43,8.83,0.91,AC,FWY
9.6,90.38,9.39,1.05,AC,FWY
9.6,83.5,8.67,1.11,AC,FWY
11.7,89.34,9.2,0.96,AC,FWY
11.7,79.52,8.09,0.94,AC,FWY
8.1,82.65,8.54,1.06,AC,FWY
8.1,88.19,8.97,0.84,AC,FWY
11.4,72.39,8.23,1.64,CO,FWY
11.4,73.5,8.58,1.81,CO,FWY
11.9,85,9.01,1.1,CO,FWY
11.9,72.71,8.06,1.49,CO,FWY
3.35,81.02,8.59,1.34,AC,FWY
3.35,72.7,7.97,1.71,AC,FWY
4.426,92.47,9.33,0.7,AC,FWY
4.426,91.29,9.36,0.9,AC,FWY
4.426,90.34,9.24,0.88,AC,FWY
4.426,78.58,8.13,1.11,AC,FWY
10.265,85.72,8.7,0.85,AC,FWY
10.265,83.03,8.39,0.83,AC,FWY
6.192,87.24,9.12,1.15,AC,FWY
6.192,87.8,9.16,1.12,AC,FWY
8.513,79,8.1,1.02,AC,FWY
8.513,81.13,8.29,0.97,AC,FWY
4.936,92.71,9.59,0.98,AC,FWY
4.936,91.77,9.53,1.04,AC,FWY
2.33,94.51,9.67,0.84,AC,FWY
2.33,94.76,9.61,0.73,AC,FWY
7.544,92.89,9.5,0.65,AC,FWY
7.544,92.89,9.5,0.65,AC,FWY
10.269,75.41,7.66,0.97,AC,FWY
10.269,73.05,7.43,1.01,AC,FWY
8.59,74.08,7.52,0.98,AC,FWY
8.59,82.53,8.56,1.1,AC,FWY
6.6,83.72,8.65,1.05,AC,FWY
6.6,79.61,8.25,1.12,AC,FWY
6.4,92.75,9.51,0.88,AC,FWY
6.4,90.8,9.5,1.13,AC,FWY
12.1,82.74,8.51,1.02,AC,FWY
12.1,80.88,8.32,1.04,AC,FWY
14.6,80.39,8.12,0.86,AC,FWY
14.6,72.84,7.41,1.02,AC,FWY
1.418,73.73,7.69,1.11,CO,FWY
1.418,79.13,8.8,1.47,CO,FWY
4.315,86.4,9.09,1.04,CO,FWY
4.315,78.3,8.21,1.09,CO,FWY
4.145,77.07,8.25,1.23,CO,FWY
4.145,64.8,6.86,1.28,CO,FWY
10.317,78.69,7.99,0.93,AC,FWY
10.317,70.45,7.08,0.94,AC,FWY
4.147,89.8,9.17,0.87,AC,FWY
4.147,87.46,8.86,0.81,AC,FWY
4.173,82.59,8.56,1.1,AC,FWY
4.173,78.55,8.02,0.99,AC,FWY
6.141,94.62,9.61,0.75,AC,FWY
6.141,94.84,9.61,0.72,AC,FWY
2.128,92.89,9.5,1.12,AC,FWY
2.128,92.89,9.5,0.65,AC,FWY
6.41,85.19,9.89,1.34,PC,FWY
6.41,84.29,9.82,1.38,PC,FWY
5.4,86.28,9.81,1.63,PC,FWY
5.4,87.33,9.81,1.53,PC,FWY
8.623,67.05,7.55,1.61,CO,FWY
8.623,69.45,7.91,1.66,CO,FWY
6.477,91.26,9.16,1.14,AC,ART
6.477,81.18,9.29,1.52,CO,ART
4.557,92.89,9.5,0.65,AC,FWY
4.557,54.27,6.03,1.84,AC,FWY
3.376,88.67,9.23,1.11,AC,FWY
3.376,84.1,9.4,1.49,CO,FWY
5.501,83.9,8.88,1.39,AC,FWY
5.501,88.84,9.34,1.49,CO,FWY
2.475,89.09,9.27,1.08,AC,FWY
2.475,86.65,9.23,1.36,AC,FWY
3.453,90.44,9.4,1.06,AC,FWY
3.453,92,9.6,1.09,AC,FWY
5.449,56.59,6.26,1.56,CO,FWY
5.449,81.23,8.74,1.23,CO,FWY
9.995,79.47,8.21,1.09,AC,FWY
9.995,71.89,7.44,1.18,AC,FWY
3.073,88.54,9.08,0.93,AC,FWY
3.073,90.06,9.32,1.01,AC,FWY
4.48,82.32,9.82,2,PC,FWY
4.48,84.28,9.6,1.68,PC,FWY
4,88.56,9.23,1.1,AC,FWY
4,86.7,9.16,1.27,AC,FWY
3.832,89.72,9.25,0.97,AC,FWY
14.735,95.29,9.71,0.78,AC,FWY
23.589,92,9.24,0.66,AC,FWY
12.186,89.27,9,0.73,AC,FWY
8.588,94.23,9.51,0.68,AC,FWY
6.974,93.78,9.46,0.68,AC,FWY
2.514,93.03,9.36,0.66,AC,FWY
1.4,95.16,9.6,0.67,AC,FWY
13.304,91.85,9.37,0.83,AC,FWY
13.304,84.99,8.8,1.06,AC,FWY
5.663,94.87,9.61,0.72,AC,FWY
5.663,82.5,8.74,1.32,AC,FWY
10.42,94.9,9.55,0.64,AC,FWY
10.42,95.5,9.59,0.6,AC,FWY
7.14,94.76,9.58,0.7,AC,FWY
7.14,95.46,9.65,0.69,AC,FWY
2.884,77.25,7.94,1.06,AC,FWY
2.884,94.73,9.69,0.83,AC,FWY
9.49,87.25,9,0.65,AC,FWY
9.49,87.25,9,0.65,AC,FWY
34.39,93.61,10,0.65,PC,FWY
34.39,93.61,10,0.65,PC,FWY
12.04,79.25,8.45,1.41,AC,FWY
12.04,78.79,8.45,1.47,AC,FWY
8.84,74.19,7.96,1.5,AC,FWY
8.84,75.97,8.26,1.62,AC,FWY
14.09,77.58,8.3,1.45,AC,FWY
14.09,76.58,8.06,1.3,AC,FWY
19.56,93.49,9.59,0.88,AC,FWY
19.56,77.77,8.13,1.22,AC,FWY
7.11,93.29,9.6,0.92,AC,FWY
7.11,91.3,9.28,0.8,AC,FWY
7.48,84.46,8.87,1.22,AC,FWY
7.48,85.3,8.88,1.12,AC,FWY
4.26,75.49,7.89,1.24,AC,FWY
4.26,74.7,7.94,1.4,AC,FWY
9.83,84.43,8.84,1.19,AC,FWY
9.83,80.72,8.34,1.08,AC,FWY
6.35,82.25,8.42,0.97,AC,FWY
6.35,79.08,8.17,1.1,AC,FWY
4.02,75.4,7.72,1.05,AC,FWY
4.02,79.81,8.21,1.05,AC,FWY
3.646,93.49,9.62,0.91,AC,FWY
3.646,91.62,9.39,0.89,AC,FWY
4.43,93.49,9.62,0.91,AC,FWY
4.43,92.82,9.53,0.9,AC,FWY
10.1,86.81,8.81,0.83,AC,FWY
10.7,96.06,9.7,0.67,AC,FWY
9.188,86.74,8.84,0.88,AC,FWY
8.588,96.04,9.65,0.54,AC,FWY
20.348,81.91,8.44,1.04,AC,FWY
20.348,81.1,8.51,1.23,AC,FWY
4.85,88.63,9.05,0.88,AC,FWY
4.85,89.01,9.19,1,AC,FWY
3.95,80.89,8.47,1.21,AC,FWY
3.95,79.48,8.17,1.04,AC,FWY
3.21,92.89,9.5,0.65,AC,FWY
3.21,92.89,9.5,0.65,AC,FWY
0.563,75.53,8.53,1.59,CO,FWY
1.073,73.45,8.04,1.4,CO,FWY
7.312,82.24,9.32,1.59,CO,FWY
7.312,76.35,8.52,1.51,CO,FWY
7.085,81.17,9.22,1.61,CO,FWY
6.575,71.58,7.82,1.4,CO,FWY
6.319,66.08,7.57,2.11,AC,FWY
6.319,92.46,9.59,1.02,AC,FWY
1.826,88.02,9.46,1.45,AC,FWY
1.826,88.99,9.4,1.25,AC,FWY
3.928,76.98,8.39,1.64,AC,FWY
3.928,75.86,8.05,1.38,AC,FWY
28.7,66.45,7.22,1.64,AC,ART
18.34,86.51,8.88,0.96,AC,ART
18.99,76.02,8.27,1.62,AC,ART
36.53,87.25,9,0.65,AC,ART
37.18,62.56,6.83,1.69,AC,ART
11.64,94.44,9.71,0.9,AC,ART
2.8,60.79,7.48,3.51,ST,LOC
36.66,70.9,7.85,2.28,ST,LOC
36.97,70.03,7.79,2.34,ST,LOC
30.2,91.92,9.53,1.02,AC,LOC
3.5,89.91,9.63,1.4,AC,LOC
4.32,89.82,9.5,1.26,AC,LOC
2.45,69.72,7.9,2.02,AC,LOC
13,91.24,9.5,1.07,AC,LOC
4.5,70.63,8.04,2.63,ST,LOC
6.3,81.6,9.78,3.49,ST,LOC
8,85.02,9.78,2.86,ST,LOC
4.7,84.51,9.78,2.96,ST,LOC
8.66,79.03,9.04,2.74,ST,LOC
3.484,81.74,8.7,1.38,AC,LOC
7.073,83.04,8.8,1.32,AC,LOC
6.69,70.65,7.6,1.54,AC,LOC
15.9,87.25,9,0.65,AC,LOC
14.57,87.25,9,0.65,AC,LOC
1.3,75.83,8.4,1.8,AC,LOC
1.2,61.07,8.2,3.53,AC,LOC
10.4,75.58,8.37,2.27,ST,LOC
10.3,79.92,8.7,2.03,ST,LOC
1.1,80.36,9.5,2.52,AC,LOC
2.5,76.24,8.2,1.51,AC,LOC
4.7,70.42,8.3,3.1,ST,LOC
20.6,67.74,7.89,2.91,ST,LOC
2.56,64.47,8,2.84,AC,LOC
19.09,88.18,9.2,1.12,AC,LOC
15.5,80.23,8.4,1.22,AC,LOC
17.5,77.78,8.2,1.31,AC,LOC
6.63,87.96,9.83,1.9,AC,LOC
9.25,79.09,8.89,2.49,ST,LOC
11.23,76.94,8.7,2.57,ST,LOC
27.04,52.25,6.5,3.46,ST,LOC
1.937,95.66,9.76,0.79,AC,LOC
20.1,86.41,9.78,2.61,ST,LOC
4.6,85.37,8.67,0.65,ST,LOC
27.2,57.72,7.03,3.33,ST,LOC
8.25,44.46,6.51,4.89,ST,LOC
3.9,87.25,9,0.65,AC,LOC
11.6,52.26,5.89,1.94,AC,COL
28.327,72.38,7.87,1.63,AC,COL
16.173,83.75,9.31,1.84,AC,COL
15.3,94.32,9.86,1.09,AC,COL
26.1,31.75,6.03,4.84,AC,COL
25,81.78,9.24,2.02,AC,COL
22.89,92.86,9.52,0.88,AC,COL
30.03,60.34,7.18,3.1,ST,COL
21.72,61.74,7.26,2.97,ST,COL
38.34,55.47,6.92,3.56,ST,COL
13.5,71.68,9.5,4.84,ST,LOC
5.1,79.63,9.5,3.39,ST,LOC
6.8,48.02,7.33,5.58,ST,LOC
16.4,53.22,6.59,3.43,ST,LOC
2.592,61.81,8.37,4.78,ST,LOC
4.5,30.07,4.81,4.72,ST,LOC
3.5,92.05,9.3,0.72,AC,LOC
5.4,76.13,8.2,1.53,AC,LOC
3.9,85.48,9.99,3.12,ST,LOC
3.8,89.57,9.5,1.29,AC,LOC
9.8,67.65,7.78,2.75,ST,LOC
24.5,58.93,7.04,3.13,ST,LOC
14.3,84.62,9.5,2.48,ST,LOC
13.334,84.56,9.26,2.1,ST,LOC
13.582,71.92,8,2.33,ST,LOC
4.8,69.9,8.22,3.06,ST,LOC
3.1,79.09,9.44,3.39,ST,LOC
9.038,80.96,9.56,3.24,ST,LOC
0.7,62.31,8.8,4.09,AC,LOC
7.4,52.27,6.4,2.55,AC,LOC
12.1,75.34,8,1.39,AC,LOC
6.7,85.07,9,1.29,AC,LOC
11.57,86.69,9.18,1.29,AC,LOC
1.7,77.01,9,2.37,AC,LOC
8.6,56.26,6.52,2.76,ST,LOC
3,77.84,8.7,1.9,AC,LOC
13.1,31.51,4.19,3.45,ST,LOC
5.6,53.52,7.44,4.77,ST,LOC
0.5,76.83,9.2,2.63,AC,LOC
8.2,49.3,5.52,2.39,ST,LOC
4.4,44.52,5.01,2.42,ST,LOC
1.7,48.66,5.7,2.8,ST,LOC
6.9,49.46,5.74,2.72,ST,LOC
1.7,54.74,6.37,2.79,ST,LOC
13.6,41.62,4.7,2.45,ST,LOC
5.8,25.67,4.19,4.51,ST,LOC
17.6,92.89,9.5,0.65,AC,LOC
26.7,54.64,6.9,2.83,AC,LOC
16.6,85.94,8.9,1.06,AC,LOC
4.46,59.48,7.22,3.32,ST,LOC
2.24,60.28,7.48,3.6,ST,LOC
4.06,47.96,5.48,2.57,ST,LOC
11.44,38.43,5.11,3.7,ST,LOC
3.5,54.58,6.48,3,ST,LOC
5.1,31.29,4.19,3.49,ST,LOC
11.6,28.6,4.07,3.78,ST,LOC
2.06,32.31,4.85,4.39,ST,LOC
12.25,48.91,5.96,3.18,ST,LOC
12.79,37.09,4.48,2.91,ST,LOC
5.8,42.15,5.59,3.8,ST,LOC
1,93.55,10,1.36,AC,LOC
1.4,60.43,6.59,2.12,ST,LOC
2.1,34.67,4.89,4.02,ST,LOC
7,46.5,5.48,2.83,ST,LOC
6.7,39.33,5.33,3.9,ST,LOC
8.8,38.02,5,3.59,ST,LOC
2.5,91.38,10,1.65,AC,LOC
8.8,35.92,4.78,3.61,ST,LOC
6.1,41.33,5.63,4.02,ST,LOC
7.992,45.84,5.67,3.26,ST,LOC
8.3,40.19,4.7,2.7,ST,LOC
11.308,38.89,4.7,2.94,ST,LOC
2.4,57.34,7.57,4.28,ST,LOC
0.6,72.87,8.56,2.39,AC,LOC
10.3,41.82,5.67,4,ST,LOC
13.7,44.47,6.59,5.02,ST,LOC
22,85.72,10,3.1,ST,LOC
17.47,48.16,6.07,3.5,ST,LOC
12.5,31.35,5.15,5.05,ST,LOC
5.6,76.54,8.2,1.47,AC,LOC
5.5,70.1,8.2,2.33,AC,LOC
9.5,79.42,8.76,1.76,AC,LOC
3.1,45.79,6.54,4.7,ST,LOC
24,60.35,7.52,3.65,ST,LOC
14.4,72.11,8.52,3.15,ST,LOC
11.9,69.15,8.44,3.56,ST,LOC
1.1,56.58,8.03,3.92,AC,LOC
5.5,86.94,9.61,1.78,AC,LOC
1.6,69.79,8.44,2.66,AC,LOC
7.7,70.44,8.44,2.57,AC,LOC
0.9,77.13,9.41,3.69,ST,LOC
1.3,52.61,6.15,2.2,AC,LOC
4.3,35.01,4.85,3.89,ST,LOC
11.8,82.9,8.67,1.19,AC,LOC
5.9,85.48,8.99,1.23,AC,LOC
3,72.9,8.12,1.86,AC,LOC
3,71.27,8.47,2.49,AC,LOC
5.3,92.31,9.54,0.98,AC,LOC
1.3,77.88,9.52,3.74,ST,LOC
5.9,70.6,9.33,4.76,ST,LOC
10.7,77.16,9.33,3.56,ST,LOC
4.41,91.36,9.52,1.08,AC,LOC
12.1,70.25,7.4,1.35,AC,LOC
8.98,74.8,7.91,1.35,AC,LOC
4.1,64.56,8,3.67,ST,LOC
5.6,75.88,8.89,3.07,ST,LOC
8.5,67.02,8.07,3.34,ST,LOC
1.5,44.37,7.63,6.73,ST,LOC
3.4,47.03,5.89,3.41,ST,LOC
1.6,88.69,9.53,1.45,AC,LOC
7.71,53.97,6.3,2.82,ST,LOC
9.13,76.6,8.86,2.89,ST,LOC
10,67.73,7.49,1.79,AC,LOC
14.6,62.22,6.85,2.22,ST,LOC
15.2,53.79,5.89,2.18,ST,LOC
18.79,41.6,5.07,3.06,ST,LOC
18.9,38.63,4.74,3.06,ST,LOC
1.3,91.94,9.38,1.29,AC,LOC
1.61,87.9,9.38,1.37,AC,LOC
7.8,47.76,6.26,2.93,ST,LOC
7.7,55.57,6.78,3.31,ST,LOC
10.3,54.14,5.96,2.23,ST,LOC
13.5,63.77,7.33,2.72,ST,LOC
7.6,52.62,6.17,2.85,ST,LOC
10.1,57.99,6.59,2.56,ST,LOC
10.7,48.28,5.59,2.69,ST,LOC
12.3,85.01,9.5,2.41,ST,LOC
18.7,84.66,9.5,2.47,ST,LOC
1.9,44.64,5.04,2.45,ST,LOC
12.6,44.93,5.3,2.82,ST,LOC
5.5,61.07,7.48,3.46,ST,LOC
1.6,76.01,9.42,3,AC,LOC
3.1,42.89,5.33,3.24,ST,LOC
7.1,51.1,6.41,3.52,ST,LOC
2.4,64.92,8.33,4.15,ST,LOC
28.3,46.05,5.3,2.62,ST,LOC
4.452,54.83,7.26,4.23,ST,LOC
4.5,64.16,7,2.11,ST,LOC
1.3,82.56,9.07,1.71,AC,LOC
8,67.25,7.78,2.82,ST,LOC
8.64,78.68,9.33,3.28,ST,LOC
1,59.98,6.78,2.75,AC,LOC
8.9,82.73,9.5,2.83,ST,LOC
9.805,32.86,4.85,4.29,ST,LOC
15.9,65.46,7.89,3.33,ST,LOC
18.9,56.64,5.96,1.77,ST,LOC
1.2,62.21,7.62,2.68,AC,LOC
5.2,79.61,9.41,3.24,ST,LOC
5.4,68.8,8.37,3.51,ST,LOC
7,81.75,9.19,2.49,ST,LOC
7.4,83.21,9.11,2.1,ST,LOC
8.3,79.13,8.74,2.24,ST,LOC
4.6,80.16,9.19,2.79,ST,LOC
12.2,53.79,6.07,2.47,ST,LOC
4.6,67.14,7.85,2.96,ST,LOC
6,66.75,8.37,3.88,ST,LOC
6.4,66.25,7.54,2.61,ST,LOC
26.6,78.36,8.74,2.37,ST,LOC
4.7,85.27,8.95,1.21,AC,LOC
8.3,63.41,6.81,1.93,ST,LOC
26.52,77.31,8.03,1.16,AC,COL
26.08,61.5,6.41,1.33,AC,COL
37.1,56.78,6.98,3.42,ST,LOC
5.3,49.94,6.68,4.17,ST,LOC
14.1,60.44,7.18,3.08,ST,LOC
27.12,55.67,6.93,3.54,ST,LOC
1.8,87.25,9,2.39,AC,LOC
13.36,69.94,7.78,2.34,ST,LOC
8.92,70.54,7.83,2.31,ST,LOC
4.81,87.25,9,2.1,AC,LOC
4.28,62.61,7.31,2.9,ST,LOC
8.01,67.63,7.63,2.51,ST,LOC
12.99,69.67,7.77,2.37,ST,LOC
7.95,68.67,7.38,1.54,AC,LOC
9.3,62.11,7.27,2.92,ST,LOC
8.61,64.82,7.71,3.15,ST,LOC
14.1,87.25,9,0.65,AC,LOC
9.6,87.25,9,0.65,AC,LOC
7.86,63.11,7.34,2.86,ST,LOC
1.559,85.91,9.54,1.83,AC,LOC
10.233,73.72,8.56,2.93,ST,LOC
0.8,71.79,9.45,3.6,AC,LOC
2,89.95,9.8,1.6,AC,LOC
1.7,81.08,9.13,1.98,AC,LOC
8.82,58.73,7.09,3.25,ST,LOC
20.34,55.41,6.92,3.57,ST,LOC
9.2,58.06,7.05,3.3,ST,LOC
9.5,49.65,6.67,4.21,ST,LOC
3.9,47.3,6.1,2.85,AC,LOC
4.27,93.87,9.69,0.95,AC,LOC
6.67,57.22,7.01,3.39,ST,LOC
3.9,52.53,6.79,3.88,ST,LOC
4.83,55.27,6.91,3.58,ST,LOC
4.17,63.11,7.34,2.86,ST,LOC
7.9,68.31,7.67,2.45,ST,LOC
2,53.28,6.82,3.8,ST,LOC
20.9,61.51,7.24,2.99,ST,LOC
6.16,61.09,7.22,3.03,ST,LOC
12.28,51.32,6.74,4.02,ST,LOC
1.1,32.23,4.9,3.42,AC,LOC
18.68,68.53,7.69,2.45,ST,LOC
22.6,72.39,7.96,2.19,ST,LOC
15.3,55.67,6.93,3.54,ST,LOC
32.49,69.87,7.78,2.35,ST,COL
27.66,66.25,7.54,2.61,ST,COL
40.06,68.27,7.67,2.46,ST,COL
11.59,64.36,7.42,2.76,ST,COL
14.97,66.16,7.53,2.61,ST,COL
37.28,67.54,7.62,2.51,ST,COL
38.06,61.09,7.22,3.03,ST,COL
30.56,66.73,7.57,2.57,ST,COL
8.39,68.27,7.67,2.46,ST,COL
15.5,66.6,7.56,2.58,ST,COL
10.84,65.59,7.49,2.65,ST,COL
23.96,63.06,7.34,2.87,ST,COL
5,54.63,6.89,3.66,ST,LOC
6.84,70.99,7.86,2.27,ST,LOC
22.51,65.68,7.5,2.65,ST,LOC
15.1,55.32,6.91,3.57,ST,LOC
9.37,59.83,7.15,3.15,ST,LOC
10.83,47.42,6.56,4.44,ST,LOC
5.1,90.65,9.42,1.05,AC,LOC
9.87,60.63,7.19,3.06,ST,LOC
12.54,65.59,7.49,2.65,ST,LOC
10.7,72.39,7.96,2.19,ST,LOC
11.5,57.22,7.01,3.39,ST,LOC
4.5,58.98,7.04,3.12,ST,LOC
4.2,55.59,6.94,3.57,ST,LOC
3.7,57.81,7,3.26,ST,LOC
9.5,50.73,6.19,3.23,ST,LOC
2.6,37.16,5.96,5.32,ST,LOC
8.3,68.26,7.66,2.45,ST,LOC
10.73,63.6,7.37,2.82,ST,LOC
3.1,61.55,7.25,2.99,ST,LOC
2.9,60.01,7.16,3.13,ST,LOC
7.4,58.64,7.08,3.24,ST,LOC
6.5,59.49,7.13,3.17,ST,LOC
4.425,70.64,8.26,2.99,ST,LOC
11.12,61.46,7.24,2.99,ST,LOC
29,63.65,7.37,2.81,ST,LOC
26.02,82.18,8.59,1.19,AC,COL
25.79,87.63,9.16,1.14,AC,COL
12.87,64.23,7.4,2.75,ST,LOC
8.6,57.07,7,3.4,ST,LOC
24.3,68.49,7.69,2.45,ST,LOC
11.7,87.25,9,0.65,AC,LOC
3.2,54.04,6.89,3.77,ST,LOC
11.4,73.04,8.01,2.15,ST,LOC
25.38,66.16,7.53,2.61,ST,LOC
5.8,59.83,7.15,3.15,ST,LOC
8,61.65,7.25,2.98,ST,LOC
8.4,82.28,8.7,1.31,AC,COL
6.7,59.41,6.48,1.69,AC,COL
35.75,65.51,7.49,2.66,ST,COL
35.13,57.75,7.04,3.34,ST,COL
44.6,58.2,7.06,3.29,ST,COL
5.2,59.22,6.75,2.04,AC,LOC
40.8,45.97,5.3,2.63,ST,LOC
1.13,69.3,8.19,2.42,AC,LOC
29.5,71.85,7.92,2.22,ST,LOC
5.9,89.14,9.35,1.17,AC,LOC
6.3,89.53,9.35,1.12,AC,LOC
7,72.21,7.94,1.74,AC,COL
9.4,60.72,6.78,2.38,ST,LOC
18.4,52.66,6.11,2.74,ST,LOC
51.3,93.42,9.68,1,AC,LOC
11.4,83.25,8.68,1.15,AC,LOC
34.6,83.72,8.68,1.09,AC,LOC
31.7,70.7,7.56,1.48,AC,LOC
31.2,82.06,8.52,1.12,AC,LOC
6.4,74.09,7.92,1.46,AC,LOC
10.5,77.42,8.7,2.48,ST,LOC
0.4,74.19,8.7,2.38,AC,LOC
5.2,70.18,7.87,2.44,ST,LOC
20,44.2,5.63,3.5,ST,LOC
23,71.55,8.81,3.73,ST,LOC
19.6,65.6,7.93,3.37,ST,LOC
14.3,73.03,8.59,3.1,ST,LOC
4.8,81.77,9.26,2.6,ST,LOC
12,39.39,5.56,4.26,ST,LOC
5.6,59.86,7.44,3.61,ST,LOC
8.3,33.13,4.37,3.45,ST,LOC
6.7,78.5,9.04,2.84,ST,LOC
10.708,51.8,6,2.72,ST,LOC
23.623,42.87,5.19,3.02,ST,LOC
0.853,50.95,8.44,5.18,AC,LOC
1.7,54.56,7.86,3.99,AC,LOC
6.6,66.32,8.59,4.32,ST,LOC
11.1,57.68,7.63,4.32,ST,LOC
2.3,68.82,8.48,3.68,ST,LOC
6.2,60.24,7.56,3.74,ST,LOC
9.4,64.39,7.93,3.59,ST,LOC
9.8,56.77,7.41,4.12,ST,LOC
1.338,67.79,8.09,2.5,AC,LOC
1.786,69.24,8.61,2.93,AC,LOC
23.3,24.08,4.67,5.59,ST,LOC
0.7,53.91,6.85,3.73,ST,LOC
1.4,53.91,6.85,3.72,ST,LOC
1.7,50.4,6.68,4.09,ST,LOC
3.7,57.27,7.01,3.38,ST,LOC
5.9,60.77,7.2,3.06,ST,LOC
21.42,50.03,6.69,4.18,ST,LOC
30.48,59.3,7.12,3.19,ST,LOC
11.13,65.2,7.47,2.69,ST,LOC
10.2,68.27,7.67,2.46,ST,LOC
19.6,66.03,7.52,2.62,ST,LOC
4,77.35,9.07,3.1,ST,LOC
8.4,68.64,7.69,2.43,ST,LOC
1.7,85.21,9.3,1.63,AC,LOC
26.9,78.42,9.33,3.33,ST,LOC
26,66.61,8,3.3,ST,LOC
12.3,83.39,8.81,1.29,AC,LOC
17.8,85.91,9.41,2.1,ST,LOC
23.4,76.31,8.59,2.5,ST,LOC
33.9,81.86,9.04,2.23,ST,LOC
32,72.92,7.85,1.91,ST,LOC
30.8,66.1,7.37,2.36,ST,LOC
9.8,73.62,8,2.2,ST,LOC
13.3,61.86,6.23,1.06,AC,LOC
11.3,88.27,9,0.87,AC,COL
10.1,87.79,9.06,1,AC,COL
13.5,81.56,8.36,0.99,AC,COL
12.7,80.1,8.2,1,AC,COL
13.5,69.97,7.45,1.45,AC,COL
14,82.72,8.59,1.11,AC,COL
3.792,72.49,7.93,2.12,ST,LOC
6,53.76,6.84,3.74,ST,LOC
4.6,74.32,8.09,1.63,AC,LOC
20.92,87.25,9,0.65,AC,LOC
4.6,87.56,9.5,1.56,AC,LOC
5.3,52.63,6.94,3.15,AC,LOC
17,70.68,7.7,1.65,AC,LOC
21.2,70.26,8.15,2.88,ST,LOC
11.9,48.05,6.04,3.47,ST,LOC
23.42,51.56,6.26,3.19,ST,LOC
7.2,80.53,8.88,2.21,ST,LOC
6.1,80.18,8.81,2.16,ST,LOC
5.1,66.56,8.44,4.03,ST,LOC
36.76,60.44,7.18,3.08,ST,LOC
8.2,67.03,7.59,2.55,ST,LOC
23,64.45,7.42,2.75,ST,LOC
17.6,78.06,8.59,2.19,ST,LOC
8.5,68.21,7.8,2.68,ST,LOC
9.3,66.88,7.56,2.53,ST,LOC
12.2,71.92,8.37,2.94,ST,LOC
8,48.47,6.63,4.36,ST,LOC
1,27.7,5.48,6.25,ST,LOC
4.4,64.68,8.37,4.26,ST,LOC
9.5,74.13,8.37,2.54,ST,LOC
1.3,61.57,8.17,3.43,AC,LOC
1,65.71,8.44,4.19,ST,LOC
0.58,70.12,7.28,1.22,AC,LOC
6.554,75.84,9.38,3.88,ST,LOC
5.327,64.85,8.3,4.11,ST,LOC
1.4,55.69,7.28,3.15,AC,LOC
8.3,51.88,7.3,4.84,ST,LOC
1.49,61.43,8.37,4.85,ST,LOC
1.645,65.34,7.78,3.17,ST,LOC
0.67,69.11,8.84,4.22,ST,LOC
1.662,77.48,9.23,2.58,AC,LOC
0.703,58.85,9.11,6.53,ST,LOC
1.683,80.03,9.52,2.59,AC,ART
1.683,80.85,9.48,2.43,AC,ART
6.1,48.48,5.76,2.28,AC,ART
0.86,79.24,8.85,1.89,AC,LOC
0.7,69.67,7.62,1.69,AC,LOC
11.5,66.42,7.85,3.09,ST,LOC
7.3,87.1,9.67,2.31,ST,LOC
0.8,61.14,7.6,2.18,CO,ART
7.5,86.35,9.16,1.31,AC,LOC
2.07,87.25,9,0.65,AC,ART
0.63,66.87,7.92,2.42,AC,ART
10.45,68.72,7.74,1.96,AC,LOC
8.24,44.78,6.13,3.22,AC,LOC
1.5,66.61,7.27,1.68,AC,LOC
0.7,67.5,8.03,2.47,AC,LOC
2.3,51.35,6.37,3.41,ST,LOC
6.13,81.7,8.79,1.49,AC,LOC
15.77,62.85,6.88,1.71,AC,LOC
2.64,66.36,7.21,1.64,AC,LOC
2.65,88.49,9.59,1.55,AC,LOC
0.64,57.02,7.26,2.94,AC,LOC
0.17,50.72,8.88,5.73,AC,LOC
0.93,79.9,8.95,1.92,AC,LOC
1.142,90.66,9.81,1.52,AC,LOC
2.61,80.95,8.92,1.75,AC,LOC
0.93,90.63,9.75,1.45,AC,LOC
2,84.59,9.53,1.99,AC,LOC
7.5,73.65,8.1,1.73,AC,LOC
5.1,97.34,10,0.65,ST,LOC
9.96,89.6,9.12,0.83,AC,LOC
1.6,91.87,9.65,1.17,AC,LOC
8.6,84.19,8.82,1.19,AC,COL
11.7,79.51,8.28,1.17,AC,COL
13.2,81.1,8.51,1.23,AC,COL
3.8,89.69,9.37,1.12,AC,COL
